countryId;south-korea;
countryName;South Korea;
dataId;CC;
;;
year;ETY;RSP
2010;80;113
2011;81.6;115.26
2012;83.232;117.5652
2013;84.89664;119.916504
2014;86.5945728;122.3148341
2015;88.32646426;124.7611308
2016;90.09299354;127.2563534
2017;91.89485341;129.8014804
2018;93.73275048;132.3975101
2019;95.60740549;135.0454603
2020;97.5195536;137.7463695
2021;99.46994467;140.5012968
2022;101.4593436;143.3113228
2023;103.4885304;146.1775492
2024;105.558301;149.1011002
2025;107.6694671;152.0831222
